id,REG_YYMM,CARD_SIDO_NM,STD_CLSS_NM,AMT
0,202004,강원,건강보조식품 소매업,17260642
1,202004,강원,골프장 운영업,54570912
2,202004,강원,과실 및 채소 소매업,16304630
3,202004,강원,관광 민예품 및 선물용품 소매업,3037791
4,202004,강원,그외 기타 분류안된 오락관련 서비스업,2296455
5,202004,강원,그외 기타 스포츠시설 운영업,4524041
6,202004,강원,그외 기타 종합 소매업,22297282
7,202004,강원,기타 대형 종합 소매업,32448011
8,202004,강원,기타 수상오락 서비스업,3393702
9,202004,강원,기타 외국식 음식점업,13363797
10,202004,강원,기타 주점업,48508047
11,202004,강원,기타음식료품위주종합소매업,25615678
12,202004,강원,내항 여객 운송업,1666661
13,202004,강원,마사지업,16037815
14,202004,강원,면세점,4692332
15,202004,강원,버스 운송업,1907422
16,202004,강원,비알콜 음료점업,7443635
17,202004,강원,빵 및 과자류 소매업,8022572
18,202004,강원,서양식 음식점업,12091826
19,202004,강원,수산물 소매업,18670728
20,202004,강원,슈퍼마켓,15376837
21,202004,강원,스포츠 및 레크레이션 용품 임대업,24182609
22,202004,강원,여관업,18741598
23,202004,강원,여행사업,4501014
24,202004,강원,욕탕업,8904360
25,202004,강원,육류 소매업,26901279
26,202004,강원,일반유흥 주점업,44185890
27,202004,강원,일식 음식점업,29831640
28,202004,강원,자동차 임대업,13696789
29,202004,강원,전시 및 행사 대행업,8819271
30,202004,강원,정기 항공 운송업,43900182
31,202004,강원,중식 음식점업,16143004
32,202004,강원,차량용 가스 충전업,19423594
33,202004,강원,차량용 주유소 운영업,52402442
34,202004,강원,체인화 편의점,20145677
35,202004,강원,택시 운송업,1172550
36,202004,강원,피자 햄버거 샌드위치 및 유사 음식점업,8818557
37,202004,강원,한식 음식점업,55226805
38,202004,강원,호텔업,17498655
39,202004,강원,화장품 및 방향제 소매업,18904447
40,202004,강원,휴양콘도 운영업,21833103
41,202004,경기,건강보조식품 소매업,18641021
42,202004,경기,골프장 운영업,104201166
43,202004,경기,과실 및 채소 소매업,17391800
44,202004,경기,관광 민예품 및 선물용품 소매업,5503441
45,202004,경기,그외 기타 분류안된 오락관련 서비스업,3929716
46,202004,경기,그외 기타 스포츠시설 운영업,5393493
47,202004,경기,그외 기타 종합 소매업,30229640
48,202004,경기,기타 대형 종합 소매업,170140417
49,202004,경기,기타 수상오락 서비스업,10842636
50,202004,경기,기타 외국식 음식점업,21566921
51,202004,경기,기타 주점업,61685775
52,202004,경기,기타음식료품위주종합소매업,35115800
53,202004,경기,내항 여객 운송업,5378478
54,202004,경기,마사지업,47344512
55,202004,경기,면세점,42489352
56,202004,경기,버스 운송업,20315648
57,202004,경기,비알콜 음료점업,16249756
58,202004,경기,빵 및 과자류 소매업,13054367
59,202004,경기,서양식 음식점업,26105862
60,202004,경기,수산물 소매업,49527807
61,202004,경기,슈퍼마켓,57091668
62,202004,경기,스포츠 및 레크레이션 용품 임대업,48077086
63,202004,경기,여관업,27885184
64,202004,경기,여행사업,8179328
65,202004,경기,욕탕업,17264837
66,202004,경기,육류 소매업,40303869
67,202004,경기,일반유흥 주점업,54933853
68,202004,경기,일식 음식점업,41373098
69,202004,경기,자동차 임대업,59734452
70,202004,경기,전시 및 행사 대행업,18898916
71,202004,경기,정기 항공 운송업,104923734
72,202004,경기,중식 음식점업,29730133
73,202004,경기,차량용 가스 충전업,22254458
74,202004,경기,차량용 주유소 운영업,134193871
75,202004,경기,체인화 편의점,63836470
76,202004,경기,택시 운송업,3630114
77,202004,경기,피자 햄버거 샌드위치 및 유사 음식점업,16466844
78,202004,경기,한식 음식점업,110643919
79,202004,경기,호텔업,19388948
80,202004,경기,화장품 및 방향제 소매업,19776922
81,202004,경기,휴양콘도 운영업,11443044
82,202004,경남,건강보조식품 소매업,32803485
83,202004,경남,골프장 운영업,84986569
84,202004,경남,과실 및 채소 소매업,14899447
85,202004,경남,관광 민예품 및 선물용품 소매업,3544354
86,202004,경남,그외 기타 분류안된 오락관련 서비스업,2675440
87,202004,경남,그외 기타 스포츠시설 운영업,4619283
88,202004,경남,그외 기타 종합 소매업,42053782
89,202004,경남,기타 대형 종합 소매업,47312030
90,202004,경남,기타 수상오락 서비스업,3815379
91,202004,경남,기타 외국식 음식점업,25508385
92,202004,경남,기타 주점업,63225471
93,202004,경남,기타음식료품위주종합소매업,21809420
94,202004,경남,내항 여객 운송업,6513261
95,202004,경남,마사지업,22843022
96,202004,경남,면세점,15560430
97,202004,경남,버스 운송업,2650908
98,202004,경남,비알콜 음료점업,8188143
99,202004,경남,빵 및 과자류 소매업,10578235
100,202004,경남,서양식 음식점업,14799409
101,202004,경남,수산물 소매업,21305338
102,202004,경남,슈퍼마켓,33961541
103,202004,경남,스포츠 및 레크레이션 용품 임대업,36418059
104,202004,경남,여관업,17240200
105,202004,경남,여행사업,1443780
106,202004,경남,욕탕업,15663685
107,202004,경남,육류 소매업,43766223
108,202004,경남,일반유흥 주점업,66966478
109,202004,경남,일식 음식점업,30274573
110,202004,경남,자동차 임대업,13358973
111,202004,경남,전시 및 행사 대행업,3778410
112,202004,경남,정기 항공 운송업,39313712
113,202004,경남,중식 음식점업,17461583
114,202004,경남,차량용 가스 충전업,21933337
115,202004,경남,차량용 주유소 운영업,78541100
116,202004,경남,체인화 편의점,21307430
117,202004,경남,택시 운송업,3169312
118,202004,경남,피자 햄버거 샌드위치 및 유사 음식점업,9662521
119,202004,경남,한식 음식점업,48013289
120,202004,경남,호텔업,13096612
121,202004,경남,화장품 및 방향제 소매업,21447322
122,202004,경남,휴양콘도 운영업,19245132
123,202004,경북,건강보조식품 소매업,22753806
124,202004,경북,골프장 운영업,90119285
125,202004,경북,과실 및 채소 소매업,13578988
126,202004,경북,관광 민예품 및 선물용품 소매업,3354278
127,202004,경북,그외 기타 분류안된 오락관련 서비스업,2474696
128,202004,경북,그외 기타 스포츠시설 운영업,3567896
129,202004,경북,그외 기타 종합 소매업,17459390
130,202004,경북,기타 대형 종합 소매업,38826428
131,202004,경북,기타 수상오락 서비스업,3178677
132,202004,경북,기타 외국식 음식점업,18292277
133,202004,경북,기타 주점업,52002815
134,202004,경북,기타음식료품위주종합소매업,22138563
135,202004,경북,내항 여객 운송업,5613649
136,202004,경북,마사지업,19023703
137,202004,경북,면세점,14120963
138,202004,경북,버스 운송업,1883046
139,202004,경북,비알콜 음료점업,7634622
140,202004,경북,빵 및 과자류 소매업,10882010
141,202004,경북,서양식 음식점업,10990096
142,202004,경북,수산물 소매업,24988607
143,202004,경북,슈퍼마켓,30184577
144,202004,경북,스포츠 및 레크레이션 용품 임대업,45204856
145,202004,경북,여관업,10298376
146,202004,경북,여행사업,4997736
147,202004,경북,욕탕업,11994859
148,202004,경북,육류 소매업,40584378
149,202004,경북,일반유흥 주점업,55450154
150,202004,경북,일식 음식점업,19489570
151,202004,경북,자동차 임대업,10530262
152,202004,경북,전시 및 행사 대행업,4135134
153,202004,경북,정기 항공 운송업,40430435
154,202004,경북,중식 음식점업,15489947
155,202004,경북,차량용 가스 충전업,21111738
156,202004,경북,차량용 주유소 운영업,107617675
157,202004,경북,체인화 편의점,20272630
158,202004,경북,택시 운송업,946049
159,202004,경북,피자 햄버거 샌드위치 및 유사 음식점업,9250222
160,202004,경북,한식 음식점업,49873400
161,202004,경북,호텔업,13445287
162,202004,경북,화장품 및 방향제 소매업,22957704
163,202004,경북,휴양콘도 운영업,16379818
164,202004,광주,건강보조식품 소매업,31217992
165,202004,광주,골프장 운영업,57540285
166,202004,광주,과실 및 채소 소매업,13042026
167,202004,광주,관광 민예품 및 선물용품 소매업,3321672
168,202004,광주,그외 기타 분류안된 오락관련 서비스업,2490140
169,202004,광주,그외 기타 스포츠시설 운영업,4063982
170,202004,광주,그외 기타 종합 소매업,35973075
171,202004,광주,기타 대형 종합 소매업,47023612
172,202004,광주,기타 수상오락 서비스업,3424478
173,202004,광주,기타 외국식 음식점업,21129609
174,202004,광주,기타 주점업,46595899
175,202004,광주,기타음식료품위주종합소매업,25661075
176,202004,광주,내항 여객 운송업,6745561
177,202004,광주,마사지업,18255999
178,202004,광주,면세점,16473841
179,202004,광주,버스 운송업,2864442
180,202004,광주,비알콜 음료점업,7496367
181,202004,광주,빵 및 과자류 소매업,9606730
182,202004,광주,서양식 음식점업,15055659
183,202004,광주,수산물 소매업,48234789
184,202004,광주,슈퍼마켓,33900676
185,202004,광주,스포츠 및 레크레이션 용품 임대업,55967946
186,202004,광주,여관업,20177916
187,202004,광주,여행사업,8829087
188,202004,광주,욕탕업,15416138
189,202004,광주,육류 소매업,56916615
190,202004,광주,일반유흥 주점업,54455667
191,202004,광주,일식 음식점업,28389564
192,202004,광주,자동차 임대업,12610462
193,202004,광주,전시 및 행사 대행업,6158424
194,202004,광주,정기 항공 운송업,63565447
195,202004,광주,중식 음식점업,22784829
196,202004,광주,차량용 가스 충전업,38561940
197,202004,광주,차량용 주유소 운영업,74297175
198,202004,광주,체인화 편의점,10011969
199,202004,광주,택시 운송업,1223336
200,202004,광주,피자 햄버거 샌드위치 및 유사 음식점업,7109095
201,202004,광주,한식 음식점업,49030372
202,202004,광주,호텔업,10917170
203,202004,광주,화장품 및 방향제 소매업,19042609
204,202004,광주,휴양콘도 운영업,15241001
205,202004,대구,건강보조식품 소매업,35538641
206,202004,대구,골프장 운영업,57886294
207,202004,대구,과실 및 채소 소매업,19110533
208,202004,대구,관광 민예품 및 선물용품 소매업,6043185
209,202004,대구,그외 기타 분류안된 오락관련 서비스업,4416149
210,202004,대구,그외 기타 스포츠시설 운영업,4962154
211,202004,대구,그외 기타 종합 소매업,46041753
212,202004,대구,기타 대형 종합 소매업,56806138
213,202004,대구,기타 수상오락 서비스업,3815759
214,202004,대구,기타 외국식 음식점업,19947098
215,202004,대구,기타 주점업,37490824
216,202004,대구,기타음식료품위주종합소매업,27159232
217,202004,대구,내항 여객 운송업,6904562
218,202004,대구,마사지업,18779781
219,202004,대구,면세점,17464048
220,202004,대구,버스 운송업,3223579
221,202004,대구,비알콜 음료점업,9319219
222,202004,대구,빵 및 과자류 소매업,8600416
223,202004,대구,서양식 음식점업,19384534
224,202004,대구,수산물 소매업,45360832
225,202004,대구,슈퍼마켓,33640832
226,202004,대구,스포츠 및 레크레이션 용품 임대업,48451129
227,202004,대구,여관업,19198007
228,202004,대구,여행사업,8973208
229,202004,대구,욕탕업,15271992
230,202004,대구,육류 소매업,59252469
231,202004,대구,일반유흥 주점업,39871652
232,202004,대구,일식 음식점업,27504777
233,202004,대구,자동차 임대업,11399569
234,202004,대구,전시 및 행사 대행업,6626839
235,202004,대구,정기 항공 운송업,68072051
236,202004,대구,중식 음식점업,24666627
237,202004,대구,차량용 가스 충전업,37156097
238,202004,대구,차량용 주유소 운영업,58842570
239,202004,대구,체인화 편의점,17198803
240,202004,대구,택시 운송업,15168715
241,202004,대구,피자 햄버거 샌드위치 및 유사 음식점업,11322354
242,202004,대구,한식 음식점업,50424888
243,202004,대구,호텔업,16639152
244,202004,대구,화장품 및 방향제 소매업,14737303
245,202004,대구,휴양콘도 운영업,12995589
246,202004,대전,건강보조식품 소매업,20342527
247,202004,대전,골프장 운영업,26953127
248,202004,대전,과실 및 채소 소매업,11310208
249,202004,대전,관광 민예품 및 선물용품 소매업,3392559
250,202004,대전,그외 기타 분류안된 오락관련 서비스업,2512939
251,202004,대전,그외 기타 스포츠시설 운영업,2568078
252,202004,대전,그외 기타 종합 소매업,13445603
253,202004,대전,기타 대형 종합 소매업,38626311
254,202004,대전,기타 수상오락 서비스업,2818257
255,202004,대전,기타 외국식 음식점업,12340458
256,202004,대전,기타 주점업,24974651
257,202004,대전,기타음식료품위주종합소매업,15544174
258,202004,대전,내항 여객 운송업,4825700
259,202004,대전,마사지업,14233649
260,202004,대전,면세점,14775949
261,202004,대전,버스 운송업,2656681
262,202004,대전,비알콜 음료점업,7478496
263,202004,대전,빵 및 과자류 소매업,10592696
264,202004,대전,서양식 음식점업,15337467
265,202004,대전,수산물 소매업,23656183
266,202004,대전,슈퍼마켓,22152123
267,202004,대전,스포츠 및 레크레이션 용품 임대업,31460722
268,202004,대전,여관업,12397324
269,202004,대전,여행사업,4178053
270,202004,대전,욕탕업,6084452
271,202004,대전,육류 소매업,26314333
272,202004,대전,일반유흥 주점업,30781661
273,202004,대전,일식 음식점업,16152632
274,202004,대전,자동차 임대업,7666450
275,202004,대전,전시 및 행사 대행업,3091266
276,202004,대전,정기 항공 운송업,34427495
277,202004,대전,중식 음식점업,13883340
278,202004,대전,차량용 가스 충전업,19312464
279,202004,대전,차량용 주유소 운영업,43697148
280,202004,대전,체인화 편의점,17999920
281,202004,대전,택시 운송업,10534506
282,202004,대전,피자 햄버거 샌드위치 및 유사 음식점업,8116161
283,202004,대전,한식 음식점업,55134186
284,202004,대전,호텔업,7755280
285,202004,대전,화장품 및 방향제 소매업,10286446
286,202004,대전,휴양콘도 운영업,9179241
287,202004,부산,건강보조식품 소매업,32979052
288,202004,부산,골프장 운영업,70858681
289,202004,부산,과실 및 채소 소매업,13431446
290,202004,부산,관광 민예품 및 선물용품 소매업,2921809
291,202004,부산,그외 기타 분류안된 오락관련 서비스업,2201398
292,202004,부산,그외 기타 스포츠시설 운영업,3760256
293,202004,부산,그외 기타 종합 소매업,25480981
294,202004,부산,기타 대형 종합 소매업,85209428
295,202004,부산,기타 수상오락 서비스업,3973010
296,202004,부산,기타 외국식 음식점업,21322434
297,202004,부산,기타 주점업,42143364
298,202004,부산,기타음식료품위주종합소매업,29432502
299,202004,부산,내항 여객 운송업,6046578
300,202004,부산,마사지업,25403869
301,202004,부산,면세점,35946317
302,202004,부산,버스 운송업,1727982
303,202004,부산,비알콜 음료점업,11328038
304,202004,부산,빵 및 과자류 소매업,11095837
305,202004,부산,서양식 음식점업,23665426
306,202004,부산,수산물 소매업,31392893
307,202004,부산,슈퍼마켓,30732636
308,202004,부산,스포츠 및 레크레이션 용품 임대업,52925118
309,202004,부산,여관업,20733050
310,202004,부산,여행사업,4745077
311,202004,부산,욕탕업,11360910
312,202004,부산,육류 소매업,54828070
313,202004,부산,일반유흥 주점업,52879188
314,202004,부산,일식 음식점업,27651263
315,202004,부산,자동차 임대업,11815804
316,202004,부산,전시 및 행사 대행업,5444052
317,202004,부산,정기 항공 운송업,59648552
318,202004,부산,중식 음식점업,20403218
319,202004,부산,차량용 가스 충전업,28233828
320,202004,부산,차량용 주유소 운영업,65345908
321,202004,부산,체인화 편의점,22979280
322,202004,부산,택시 운송업,9787141
323,202004,부산,피자 햄버거 샌드위치 및 유사 음식점업,11694951
324,202004,부산,한식 음식점업,83033164
325,202004,부산,호텔업,23855582
326,202004,부산,화장품 및 방향제 소매업,19207203
327,202004,부산,휴양콘도 운영업,17336456
328,202004,서울,건강보조식품 소매업,18617756
329,202004,서울,골프장 운영업,32390036
330,202004,서울,과실 및 채소 소매업,13397488
331,202004,서울,관광 민예품 및 선물용품 소매업,3355797
332,202004,서울,그외 기타 분류안된 오락관련 서비스업,2561979
333,202004,서울,그외 기타 스포츠시설 운영업,7819388
334,202004,서울,그외 기타 종합 소매업,200233854
335,202004,서울,기타 대형 종합 소매업,114422403
336,202004,서울,기타 수상오락 서비스업,5653115
337,202004,서울,기타 외국식 음식점업,18498512
338,202004,서울,기타 주점업,66547985
339,202004,서울,기타음식료품위주종합소매업,77779195
340,202004,서울,내항 여객 운송업,23915315
341,202004,서울,마사지업,44120685
342,202004,서울,면세점,29957092
343,202004,서울,버스 운송업,85573403
344,202004,서울,비알콜 음료점업,92060519
345,202004,서울,빵 및 과자류 소매업,16916898
346,202004,서울,서양식 음식점업,45673601
347,202004,서울,수산물 소매업,37954872
348,202004,서울,슈퍼마켓,49673362
349,202004,서울,스포츠 및 레크레이션 용품 임대업,76858540
350,202004,서울,여관업,28164121
351,202004,서울,여행사업,51366413
352,202004,서울,욕탕업,14510737
353,202004,서울,육류 소매업,44120482
354,202004,서울,일반유흥 주점업,52339710
355,202004,서울,일식 음식점업,33981989
356,202004,서울,자동차 임대업,18267364
357,202004,서울,전시 및 행사 대행업,8535281
358,202004,서울,정기 항공 운송업,184916044
359,202004,서울,중식 음식점업,29633890
360,202004,서울,차량용 가스 충전업,32887450
361,202004,서울,차량용 주유소 운영업,66684601
362,202004,서울,체인화 편의점,57473971
363,202004,서울,택시 운송업,688149410
364,202004,서울,피자 햄버거 샌드위치 및 유사 음식점업,30156582
365,202004,서울,한식 음식점업,164430965
366,202004,서울,호텔업,26542793
367,202004,서울,화장품 및 방향제 소매업,114548513
368,202004,서울,휴양콘도 운영업,89934414
369,202004,세종,건강보조식품 소매업,18457224
370,202004,세종,골프장 운영업,30586300
371,202004,세종,과실 및 채소 소매업,11221011
372,202004,세종,관광 민예품 및 선물용품 소매업,1649898
373,202004,세종,그외 기타 분류안된 오락관련 서비스업,1142358
374,202004,세종,그외 기타 스포츠시설 운영업,1548368
375,202004,세종,그외 기타 종합 소매업,4461954
376,202004,세종,기타 대형 종합 소매업,21875256
377,202004,세종,기타 수상오락 서비스업,2727118
378,202004,세종,기타 외국식 음식점업,8898748
379,202004,세종,기타 주점업,20335773
380,202004,세종,기타음식료품위주종합소매업,15065887
381,202004,세종,내항 여객 운송업,6488781
382,202004,세종,마사지업,12621083
383,202004,세종,면세점,24066380
384,202004,세종,버스 운송업,4000879
385,202004,세종,비알콜 음료점업,5048797
386,202004,세종,빵 및 과자류 소매업,5516218
387,202004,세종,서양식 음식점업,7914249
388,202004,세종,수산물 소매업,11302221
389,202004,세종,슈퍼마켓,13774929
390,202004,세종,스포츠 및 레크레이션 용품 임대업,17839077
391,202004,세종,여관업,7279651
392,202004,세종,여행사업,2895823
393,202004,세종,욕탕업,4809823
394,202004,세종,육류 소매업,16361384
395,202004,세종,일반유흥 주점업,19766164
396,202004,세종,일식 음식점업,10956391
397,202004,세종,자동차 임대업,6418289
398,202004,세종,전시 및 행사 대행업,3241152
399,202004,세종,정기 항공 운송업,31800178
400,202004,세종,중식 음식점업,9601180
401,202004,세종,차량용 가스 충전업,9884360
402,202004,세종,차량용 주유소 운영업,36361970
403,202004,세종,체인화 편의점,11530848
404,202004,세종,택시 운송업,14290763
405,202004,세종,피자 햄버거 샌드위치 및 유사 음식점업,6127027
406,202004,세종,한식 음식점업,27003957
407,202004,세종,호텔업,6717082
408,202004,세종,화장품 및 방향제 소매업,6100839
409,202004,세종,휴양콘도 운영업,5452258
410,202004,울산,건강보조식품 소매업,40333136
411,202004,울산,골프장 운영업,36495015
412,202004,울산,과실 및 채소 소매업,21903326
413,202004,울산,관광 민예품 및 선물용품 소매업,2832565
414,202004,울산,그외 기타 분류안된 오락관련 서비스업,2119024
415,202004,울산,그외 기타 스포츠시설 운영업,3792992
416,202004,울산,그외 기타 종합 소매업,32640041
417,202004,울산,기타 대형 종합 소매업,41441175
418,202004,울산,기타 수상오락 서비스업,5130948
419,202004,울산,기타 외국식 음식점업,16222696
420,202004,울산,기타 주점업,37077316
421,202004,울산,기타음식료품위주종합소매업,23788348
422,202004,울산,내항 여객 운송업,9812863
423,202004,울산,마사지업,21870224
424,202004,울산,면세점,54474293
425,202004,울산,버스 운송업,3624407
426,202004,울산,비알콜 음료점업,7788917
427,202004,울산,빵 및 과자류 소매업,8696523
428,202004,울산,서양식 음식점업,13772472
429,202004,울산,수산물 소매업,26643701
430,202004,울산,슈퍼마켓,27465917
431,202004,울산,스포츠 및 레크레이션 용품 임대업,39574454
432,202004,울산,여관업,15783564
433,202004,울산,여행사업,2195345
434,202004,울산,욕탕업,12845225
435,202004,울산,육류 소매업,49729782
436,202004,울산,일반유흥 주점업,50672228
437,202004,울산,일식 음식점업,24152211
438,202004,울산,자동차 임대업,13947195
439,202004,울산,전시 및 행사 대행업,8262266
440,202004,울산,정기 항공 운송업,57486138
441,202004,울산,중식 음식점업,16974391
442,202004,울산,차량용 가스 충전업,18563603
443,202004,울산,차량용 주유소 운영업,73960640
444,202004,울산,체인화 편의점,19336366
445,202004,울산,택시 운송업,13108068
446,202004,울산,피자 햄버거 샌드위치 및 유사 음식점업,10394023
447,202004,울산,한식 음식점업,52213735
448,202004,울산,호텔업,8923659
449,202004,울산,화장품 및 방향제 소매업,18444128
450,202004,울산,휴양콘도 운영업,15289683
451,202004,인천,건강보조식품 소매업,46325223
452,202004,인천,골프장 운영업,109382193
453,202004,인천,과실 및 채소 소매업,25034505
454,202004,인천,관광 민예품 및 선물용품 소매업,2996124
455,202004,인천,그외 기타 분류안된 오락관련 서비스업,2227067
456,202004,인천,그외 기타 스포츠시설 운영업,3938454
457,202004,인천,그외 기타 종합 소매업,13769803
458,202004,인천,기타 대형 종합 소매업,42379006
459,202004,인천,기타 수상오락 서비스업,5791367
460,202004,인천,기타 외국식 음식점업,14681719
461,202004,인천,기타 주점업,46258173
462,202004,인천,기타음식료품위주종합소매업,24428162
463,202004,인천,내항 여객 운송업,11652029
464,202004,인천,마사지업,31813323
465,202004,인천,면세점,99321778
466,202004,인천,버스 운송업,3192444
467,202004,인천,비알콜 음료점업,8041233
468,202004,인천,빵 및 과자류 소매업,8014908
469,202004,인천,서양식 음식점업,13743038
470,202004,인천,수산물 소매업,31332041
471,202004,인천,슈퍼마켓,28744979
472,202004,인천,스포츠 및 레크레이션 용품 임대업,34391469
473,202004,인천,여관업,18020934
474,202004,인천,여행사업,2467446
475,202004,인천,욕탕업,14710720
476,202004,인천,육류 소매업,42514359
477,202004,인천,일반유흥 주점업,57222148
478,202004,인천,일식 음식점업,36162763
479,202004,인천,자동차 임대업,20175450
480,202004,인천,전시 및 행사 대행업,9472130
481,202004,인천,정기 항공 운송업,42989871
482,202004,인천,중식 음식점업,17453846
483,202004,인천,차량용 가스 충전업,32404762
484,202004,인천,차량용 주유소 운영업,93798152
485,202004,인천,체인화 편의점,20554529
486,202004,인천,택시 운송업,9404665
487,202004,인천,피자 햄버거 샌드위치 및 유사 음식점업,8877277
488,202004,인천,한식 음식점업,49431467
489,202004,인천,호텔업,17435073
490,202004,인천,화장품 및 방향제 소매업,17391103
491,202004,인천,휴양콘도 운영업,15421632
492,202004,전남,건강보조식품 소매업,40556863
493,202004,전남,골프장 운영업,84542113
494,202004,전남,과실 및 채소 소매업,17593851
495,202004,전남,관광 민예품 및 선물용품 소매업,2613278
496,202004,전남,그외 기타 분류안된 오락관련 서비스업,2010725
497,202004,전남,그외 기타 스포츠시설 운영업,3888451
498,202004,전남,그외 기타 종합 소매업,20730909
499,202004,전남,기타 대형 종합 소매업,38766336
500,202004,전남,기타 수상오락 서비스업,5410420
501,202004,전남,기타 외국식 음식점업,16573584
502,202004,전남,기타 주점업,53965960
503,202004,전남,기타음식료품위주종합소매업,27511284
504,202004,전남,내항 여객 운송업,6315444
505,202004,전남,마사지업,31602597
506,202004,전남,면세점,20344478
507,202004,전남,버스 운송업,2270008
508,202004,전남,비알콜 음료점업,6859276
509,202004,전남,빵 및 과자류 소매업,6885104
510,202004,전남,서양식 음식점업,10317434
511,202004,전남,수산물 소매업,25195425
512,202004,전남,슈퍼마켓,24434246
513,202004,전남,스포츠 및 레크레이션 용품 임대업,33846482
514,202004,전남,여관업,16152937
515,202004,전남,여행사업,1444056
516,202004,전남,욕탕업,10285278
517,202004,전남,육류 소매업,36432081
518,202004,전남,일반유흥 주점업,69632024
519,202004,전남,일식 음식점업,29822448
520,202004,전남,자동차 임대업,16769442
521,202004,전남,전시 및 행사 대행업,7586400
522,202004,전남,정기 항공 운송업,40967631
523,202004,전남,중식 음식점업,16167094
524,202004,전남,차량용 가스 충전업,23359026
525,202004,전남,차량용 주유소 운영업,65987284
526,202004,전남,체인화 편의점,17839511
527,202004,전남,택시 운송업,7720290
528,202004,전남,피자 햄버거 샌드위치 및 유사 음식점업,7246976
529,202004,전남,한식 음식점업,43371817
530,202004,전남,호텔업,9838170
531,202004,전남,화장품 및 방향제 소매업,32071535
532,202004,전남,휴양콘도 운영업,14940187
533,202004,전북,건강보조식품 소매업,24636251
534,202004,전북,골프장 운영업,45989723
535,202004,전북,과실 및 채소 소매업,12111812
536,202004,전북,관광 민예품 및 선물용품 소매업,2657656
537,202004,전북,그외 기타 분류안된 오락관련 서비스업,2045227
538,202004,전북,그외 기타 스포츠시설 운영업,3666768
539,202004,전북,그외 기타 종합 소매업,17165170
540,202004,전북,기타 대형 종합 소매업,31350504
541,202004,전북,기타 수상오락 서비스업,3742611
542,202004,전북,기타 외국식 음식점업,10264895
543,202004,전북,기타 주점업,44673454
544,202004,전북,기타음식료품위주종합소매업,19514828
545,202004,전북,내항 여객 운송업,6139380
546,202004,전북,마사지업,19628695
547,202004,전북,면세점,50009901
548,202004,전북,버스 운송업,1520193
549,202004,전북,비알콜 음료점업,6277591
550,202004,전북,빵 및 과자류 소매업,8372622
551,202004,전북,서양식 음식점업,11383003
552,202004,전북,수산물 소매업,21001967
553,202004,전북,슈퍼마켓,19654112
554,202004,전북,스포츠 및 레크레이션 용품 임대업,28501599
555,202004,전북,여관업,13501332
556,202004,전북,여행사업,4029219
557,202004,전북,욕탕업,9812275
558,202004,전북,육류 소매업,38634219
559,202004,전북,일반유흥 주점업,68342813
560,202004,전북,일식 음식점업,19235892
561,202004,전북,자동차 임대업,9810637
562,202004,전북,전시 및 행사 대행업,1982980
563,202004,전북,정기 항공 운송업,32237770
564,202004,전북,중식 음식점업,11668449
565,202004,전북,차량용 가스 충전업,18395353
566,202004,전북,차량용 주유소 운영업,52465643
567,202004,전북,체인화 편의점,16465552
568,202004,전북,택시 운송업,1830914
569,202004,전북,피자 햄버거 샌드위치 및 유사 음식점업,6163588
570,202004,전북,한식 음식점업,37432062
571,202004,전북,호텔업,8984569
572,202004,전북,화장품 및 방향제 소매업,26878849
573,202004,전북,휴양콘도 운영업,13516453
574,202004,제주,건강보조식품 소매업,32353279
575,202004,제주,골프장 운영업,51906907
576,202004,제주,과실 및 채소 소매업,12234559
577,202004,제주,관광 민예품 및 선물용품 소매업,7242547
578,202004,제주,그외 기타 분류안된 오락관련 서비스업,1915587
579,202004,제주,그외 기타 스포츠시설 운영업,3760983
580,202004,제주,그외 기타 종합 소매업,19532680
581,202004,제주,기타 대형 종합 소매업,28523935
582,202004,제주,기타 수상오락 서비스업,4857406
583,202004,제주,기타 외국식 음식점업,21693814
584,202004,제주,기타 주점업,106352071
585,202004,제주,기타음식료품위주종합소매업,19230492
586,202004,제주,내항 여객 운송업,5742173
587,202004,제주,마사지업,18359456
588,202004,제주,면세점,75447796
589,202004,제주,버스 운송업,1384950
590,202004,제주,비알콜 음료점업,4963409
591,202004,제주,빵 및 과자류 소매업,7178616
592,202004,제주,서양식 음식점업,13216297
593,202004,제주,수산물 소매업,16554867
594,202004,제주,슈퍼마켓,17967714
595,202004,제주,스포츠 및 레크레이션 용품 임대업,33734513
596,202004,제주,여관업,10838964
597,202004,제주,여행사업,3135407
598,202004,제주,욕탕업,5819396
599,202004,제주,육류 소매업,11361122
600,202004,제주,일반유흥 주점업,56839118
601,202004,제주,일식 음식점업,17803200
602,202004,제주,자동차 임대업,12603116
603,202004,제주,전시 및 행사 대행업,6302900
604,202004,제주,정기 항공 운송업,42187080
605,202004,제주,중식 음식점업,11386808
606,202004,제주,차량용 가스 충전업,10779803
607,202004,제주,차량용 주유소 운영업,29622233
608,202004,제주,체인화 편의점,17024252
609,202004,제주,택시 운송업,1025295
610,202004,제주,피자 햄버거 샌드위치 및 유사 음식점업,5524397
611,202004,제주,한식 음식점업,62113739
612,202004,제주,호텔업,35650035
613,202004,제주,화장품 및 방향제 소매업,8443558
614,202004,제주,휴양콘도 운영업,15242456
615,202004,충남,건강보조식품 소매업,23293739
616,202004,충남,골프장 운영업,41809974
617,202004,충남,과실 및 채소 소매업,17143702
618,202004,충남,관광 민예품 및 선물용품 소매업,2778713
619,202004,충남,그외 기타 분류안된 오락관련 서비스업,2191829
620,202004,충남,그외 기타 스포츠시설 운영업,4591506
621,202004,충남,그외 기타 종합 소매업,12645755
622,202004,충남,기타 대형 종합 소매업,31509660
623,202004,충남,기타 수상오락 서비스업,4936648
624,202004,충남,기타 외국식 음식점업,13438376
625,202004,충남,기타 주점업,34705445
626,202004,충남,기타음식료품위주종합소매업,28818134
627,202004,충남,내항 여객 운송업,2451756
628,202004,충남,마사지업,17750775
629,202004,충남,면세점,55761901
630,202004,충남,버스 운송업,716535
631,202004,충남,비알콜 음료점업,7682339
632,202004,충남,빵 및 과자류 소매업,9198262
633,202004,충남,서양식 음식점업,14174114
634,202004,충남,수산물 소매업,26523631
635,202004,충남,슈퍼마켓,24466704
636,202004,충남,스포츠 및 레크레이션 용품 임대업,33403565
637,202004,충남,여관업,13518572
638,202004,충남,여행사업,4230888
639,202004,충남,욕탕업,8317728
640,202004,충남,육류 소매업,25881081
641,202004,충남,일반유흥 주점업,49802675
642,202004,충남,일식 음식점업,21363902
643,202004,충남,자동차 임대업,7234153
644,202004,충남,전시 및 행사 대행업,2209405
645,202004,충남,정기 항공 운송업,11341284
646,202004,충남,중식 음식점업,14309737
647,202004,충남,차량용 가스 충전업,15879919
648,202004,충남,차량용 주유소 운영업,87870049
649,202004,충남,체인화 편의점,25750650
650,202004,충남,택시 운송업,1169071
651,202004,충남,피자 햄버거 샌드위치 및 유사 음식점업,7957035
652,202004,충남,한식 음식점업,53041946
653,202004,충남,호텔업,8145548
654,202004,충남,화장품 및 방향제 소매업,27807931
655,202004,충남,휴양콘도 운영업,13329806
656,202004,충북,건강보조식품 소매업,23916595
657,202004,충북,골프장 운영업,69876115
658,202004,충북,과실 및 채소 소매업,9659330
659,202004,충북,관광 민예품 및 선물용품 소매업,3071040
660,202004,충북,그외 기타 분류안된 오락관련 서비스업,2321944
661,202004,충북,그외 기타 스포츠시설 운영업,3702929
662,202004,충북,그외 기타 종합 소매업,10690076
663,202004,충북,기타 대형 종합 소매업,26956694
664,202004,충북,기타 수상오락 서비스업,3679941
665,202004,충북,기타 외국식 음식점업,10153770
666,202004,충북,기타 주점업,39396861
667,202004,충북,기타음식료품위주종합소매업,17673918
668,202004,충북,내항 여객 운송업,2114010
669,202004,충북,마사지업,12203211
670,202004,충북,면세점,9401272
671,202004,충북,버스 운송업,482640
672,202004,충북,비알콜 음료점업,4981869
673,202004,충북,빵 및 과자류 소매업,5545857
674,202004,충북,서양식 음식점업,9058709
675,202004,충북,수산물 소매업,16720671
676,202004,충북,슈퍼마켓,18252783
677,202004,충북,스포츠 및 레크레이션 용품 임대업,28848688
678,202004,충북,여관업,10668469
679,202004,충북,여행사업,3470171
680,202004,충북,욕탕업,6662097
681,202004,충북,육류 소매업,23652177
682,202004,충북,일반유흥 주점업,43520282
683,202004,충북,일식 음식점업,17375886
684,202004,충북,자동차 임대업,6884430
685,202004,충북,전시 및 행사 대행업,2318271
686,202004,충북,정기 항공 운송업,11719442
687,202004,충북,중식 음식점업,11337586
688,202004,충북,차량용 가스 충전업,12295496
689,202004,충북,차량용 주유소 운영업,74011637
690,202004,충북,체인화 편의점,17461369
691,202004,충북,택시 운송업,688807
692,202004,충북,피자 햄버거 샌드위치 및 유사 음식점업,6058439
693,202004,충북,한식 음식점업,33823496
694,202004,충북,호텔업,5304734
695,202004,충북,화장품 및 방향제 소매업,13560689
696,202004,충북,휴양콘도 운영업,10244641
697,202007,강원,건강보조식품 소매업,13590798
698,202007,강원,골프장 운영업,56356934
699,202007,강원,과실 및 채소 소매업,16234988
700,202007,강원,관광 민예품 및 선물용품 소매업,3052636
701,202007,강원,그외 기타 분류안된 오락관련 서비스업,2311777
702,202007,강원,그외 기타 스포츠시설 운영업,4496796
703,202007,강원,그외 기타 종합 소매업,20607999
704,202007,강원,기타 대형 종합 소매업,34361985
705,202007,강원,기타 수상오락 서비스업,3624154
706,202007,강원,기타 외국식 음식점업,14259852
707,202007,강원,기타 주점업,50067660
708,202007,강원,기타음식료품위주종합소매업,27899309
709,202007,강원,내항 여객 운송업,1773056
710,202007,강원,마사지업,16640112
711,202007,강원,면세점,5645816
712,202007,강원,버스 운송업,2001419
713,202007,강원,비알콜 음료점업,7970915
714,202007,강원,빵 및 과자류 소매업,8205138
715,202007,강원,서양식 음식점업,13055176
716,202007,강원,수산물 소매업,19289300
717,202007,강원,슈퍼마켓,18123447
718,202007,강원,스포츠 및 레크레이션 용품 임대업,23860450
719,202007,강원,여관업,19361594
720,202007,강원,여행사업,4503379
721,202007,강원,욕탕업,8206914
722,202007,강원,육류 소매업,28665744
723,202007,강원,일반유흥 주점업,45387255
724,202007,강원,일식 음식점업,30453205
725,202007,강원,자동차 임대업,19232760
726,202007,강원,전시 및 행사 대행업,13969410
727,202007,강원,정기 항공 운송업,63888218
728,202007,강원,중식 음식점업,16485790
729,202007,강원,차량용 가스 충전업,17449765
730,202007,강원,차량용 주유소 운영업,56697597
731,202007,강원,체인화 편의점,21861775
732,202007,강원,택시 운송업,1229215
733,202007,강원,피자 햄버거 샌드위치 및 유사 음식점업,8960350
734,202007,강원,한식 음식점업,59712883
735,202007,강원,호텔업,19443833
736,202007,강원,화장품 및 방향제 소매업,21743813
737,202007,강원,휴양콘도 운영업,28400241
738,202007,경기,건강보조식품 소매업,18762741
739,202007,경기,골프장 운영업,104453630
740,202007,경기,과실 및 채소 소매업,16511637
741,202007,경기,관광 민예품 및 선물용품 소매업,5140134
742,202007,경기,그외 기타 분류안된 오락관련 서비스업,3726998
743,202007,경기,그외 기타 스포츠시설 운영업,5337121
744,202007,경기,그외 기타 종합 소매업,29580780
745,202007,경기,기타 대형 종합 소매업,169556331
746,202007,경기,기타 수상오락 서비스업,11021499
747,202007,경기,기타 외국식 음식점업,22443140
748,202007,경기,기타 주점업,63074199
749,202007,경기,기타음식료품위주종합소매업,36006464
750,202007,경기,내항 여객 운송업,5608372
751,202007,경기,마사지업,61152574
752,202007,경기,면세점,64043427
753,202007,경기,버스 운송업,56492889
754,202007,경기,비알콜 음료점업,16469391
755,202007,경기,빵 및 과자류 소매업,12462858
756,202007,경기,서양식 음식점업,26772815
757,202007,경기,수산물 소매업,48447584
758,202007,경기,슈퍼마켓,57483037
759,202007,경기,스포츠 및 레크레이션 용품 임대업,45631245
760,202007,경기,여관업,28015345
761,202007,경기,여행사업,7707513
762,202007,경기,욕탕업,15300687
763,202007,경기,육류 소매업,39907026
764,202007,경기,일반유흥 주점업,56246996
765,202007,경기,일식 음식점업,41433409
766,202007,경기,자동차 임대업,68047826
767,202007,경기,전시 및 행사 대행업,21987391
768,202007,경기,정기 항공 운송업,107681765
769,202007,경기,중식 음식점업,28772251
770,202007,경기,차량용 가스 충전업,21055287
771,202007,경기,차량용 주유소 운영업,137694762
772,202007,경기,체인화 편의점,66605812
773,202007,경기,택시 운송업,3742531
774,202007,경기,피자 햄버거 샌드위치 및 유사 음식점업,15851999
775,202007,경기,한식 음식점업,111110309
776,202007,경기,호텔업,20099229
777,202007,경기,화장품 및 방향제 소매업,22098601
778,202007,경기,휴양콘도 운영업,14681190
779,202007,경남,건강보조식품 소매업,30937518
780,202007,경남,골프장 운영업,89182689
781,202007,경남,과실 및 채소 소매업,14661262
782,202007,경남,관광 민예품 및 선물용품 소매업,3400338
783,202007,경남,그외 기타 분류안된 오락관련 서비스업,2574680
784,202007,경남,그외 기타 스포츠시설 운영업,4632004
785,202007,경남,그외 기타 종합 소매업,40895640
786,202007,경남,기타 대형 종합 소매업,48023134
787,202007,경남,기타 수상오락 서비스업,3930850
788,202007,경남,기타 외국식 음식점업,26305592
789,202007,경남,기타 주점업,64714986
790,202007,경남,기타음식료품위주종합소매업,22892635
791,202007,경남,내항 여객 운송업,6851973
792,202007,경남,마사지업,23544893
793,202007,경남,면세점,16391874
794,202007,경남,버스 운송업,2675374
795,202007,경남,비알콜 음료점업,8867103
796,202007,경남,빵 및 과자류 소매업,10972347
797,202007,경남,서양식 음식점업,16029712
798,202007,경남,수산물 소매업,21251011
799,202007,경남,슈퍼마켓,35167617
800,202007,경남,스포츠 및 레크레이션 용품 임대업,35343479
801,202007,경남,여관업,17677399
802,202007,경남,여행사업,1286707
803,202007,경남,욕탕업,14655749
804,202007,경남,육류 소매업,43729287
805,202007,경남,일반유흥 주점업,68404329
806,202007,경남,일식 음식점업,30556752
807,202007,경남,자동차 임대업,17225738
808,202007,경남,전시 및 행사 대행업,5156275
809,202007,경남,정기 항공 운송업,45777065
810,202007,경남,중식 음식점업,17079773
811,202007,경남,차량용 가스 충전업,20815414
812,202007,경남,차량용 주유소 운영업,81071014
813,202007,경남,체인화 편의점,22550979
814,202007,경남,택시 운송업,3242841
815,202007,경남,피자 햄버거 샌드위치 및 유사 음식점업,9344596
816,202007,경남,한식 음식점업,48648421
817,202007,경남,호텔업,13492968
818,202007,경남,화장품 및 방향제 소매업,22172491
819,202007,경남,휴양콘도 운영업,23163469
820,202007,경북,건강보조식품 소매업,22201608
821,202007,경북,골프장 운영업,93023676
822,202007,경북,과실 및 채소 소매업,12718301
823,202007,경북,관광 민예품 및 선물용품 소매업,3113842
824,202007,경북,그외 기타 분류안된 오락관련 서비스업,2306127
825,202007,경북,그외 기타 스포츠시설 운영업,3473952
826,202007,경북,그외 기타 종합 소매업,16679411
827,202007,경북,기타 대형 종합 소매업,37757222
828,202007,경북,기타 수상오락 서비스업,3147145
829,202007,경북,기타 외국식 음식점업,17753212
830,202007,경북,기타 주점업,51397633
831,202007,경북,기타음식료품위주종합소매업,22465065
832,202007,경북,내항 여객 운송업,5802793
833,202007,경북,마사지업,19116316
834,202007,경북,면세점,14506699
835,202007,경북,버스 운송업,1857152
836,202007,경북,비알콜 음료점업,7803453
837,202007,경북,빵 및 과자류 소매업,10652746
838,202007,경북,서양식 음식점업,11256615
839,202007,경북,수산물 소매업,24434419
840,202007,경북,슈퍼마켓,30579035
841,202007,경북,스포츠 및 레크레이션 용품 임대업,42985768
842,202007,경북,여관업,10293570
843,202007,경북,여행사업,4910253
844,202007,경북,욕탕업,11133505
845,202007,경북,육류 소매업,39505105
846,202007,경북,일반유흥 주점업,55091804
847,202007,경북,일식 음식점업,19577991
848,202007,경북,자동차 임대업,12482568
849,202007,경북,전시 및 행사 대행업,4745665
850,202007,경북,정기 항공 운송업,41370861
851,202007,경북,중식 음식점업,15231758
852,202007,경북,차량용 가스 충전업,20210079
853,202007,경북,차량용 주유소 운영업,110906840
854,202007,경북,체인화 편의점,20904765
855,202007,경북,택시 운송업,994647
856,202007,경북,피자 햄버거 샌드위치 및 유사 음식점업,8815944
857,202007,경북,한식 음식점업,50007769
858,202007,경북,호텔업,13677570
859,202007,경북,화장품 및 방향제 소매업,23452550
860,202007,경북,휴양콘도 운영업,19173016
861,202007,광주,건강보조식품 소매업,30883524
862,202007,광주,골프장 운영업,57831062
863,202007,광주,과실 및 채소 소매업,12556513
864,202007,광주,관광 민예품 및 선물용품 소매업,3160859
865,202007,광주,그외 기타 분류안된 오락관련 서비스업,2377299
866,202007,광주,그외 기타 스포츠시설 운영업,3987549
867,202007,광주,그외 기타 종합 소매업,35303132
868,202007,광주,기타 대형 종합 소매업,45807266
869,202007,광주,기타 수상오락 서비스업,3395957
870,202007,광주,기타 외국식 음식점업,20858878
871,202007,광주,기타 주점업,45100339
872,202007,광주,기타음식료품위주종합소매업,25908750
873,202007,광주,내항 여객 운송업,6942623
874,202007,광주,마사지업,18259594
875,202007,광주,면세점,16847785
876,202007,광주,버스 운송업,2895762
877,202007,광주,비알콜 음료점업,7602051
878,202007,광주,빵 및 과자류 소매업,9259786
879,202007,광주,서양식 음식점업,15781979
880,202007,광주,수산물 소매업,47002484
881,202007,광주,슈퍼마켓,33403957
882,202007,광주,스포츠 및 레크레이션 용품 임대업,53257397
883,202007,광주,여관업,20190368
884,202007,광주,여행사업,8653188
885,202007,광주,욕탕업,14256921
886,202007,광주,육류 소매업,55268902
887,202007,광주,일반유흥 주점업,55008019
888,202007,광주,일식 음식점업,28491210
889,202007,광주,자동차 임대업,14958244
890,202007,광주,전시 및 행사 대행업,7253938
891,202007,광주,정기 항공 운송업,66697289
892,202007,광주,중식 음식점업,23679437
893,202007,광주,차량용 가스 충전업,37177843
894,202007,광주,차량용 주유소 운영업,76595535
895,202007,광주,체인화 편의점,10458972
896,202007,광주,택시 운송업,1232164
897,202007,광주,피자 햄버거 샌드위치 및 유사 음식점업,6643158
898,202007,광주,한식 음식점업,47283033
899,202007,광주,호텔업,10812401
900,202007,광주,화장품 및 방향제 소매업,18318154
901,202007,광주,휴양콘도 운영업,17183438
902,202007,대구,건강보조식품 소매업,36430324
903,202007,대구,골프장 운영업,61095108
904,202007,대구,과실 및 채소 소매업,19252309
905,202007,대구,관광 민예품 및 선물용품 소매업,5985556
906,202007,대구,그외 기타 분류안된 오락관련 서비스업,4384500
907,202007,대구,그외 기타 스포츠시설 운영업,5076783
908,202007,대구,그외 기타 종합 소매업,47448979
909,202007,대구,기타 대형 종합 소매업,58112300
910,202007,대구,기타 수상오락 서비스업,3929810
911,202007,대구,기타 외국식 음식점업,20697767
912,202007,대구,기타 주점업,38252185
913,202007,대구,기타음식료품위주종합소매업,28651423
914,202007,대구,내항 여객 운송업,7404319
915,202007,대구,마사지업,19629465
916,202007,대구,면세점,18673199
917,202007,대구,버스 운송업,3388641
918,202007,대구,비알콜 음료점업,9773202
919,202007,대구,빵 및 과자류 소매업,8845379
920,202007,대구,서양식 음식점업,20507025
921,202007,대구,수산물 소매업,46306585
922,202007,대구,슈퍼마켓,34687926
923,202007,대구,스포츠 및 레크레이션 용품 임대업,48316738
924,202007,대구,여관업,20146521
925,202007,대구,여행사업,9207157
926,202007,대구,욕탕업,14302304
927,202007,대구,육류 소매업,60552567
928,202007,대구,일반유흥 주점업,41225585
929,202007,대구,일식 음식점업,29150679
930,202007,대구,자동차 임대업,14222022
931,202007,대구,전시 및 행사 대행업,8217530
932,202007,대구,정기 항공 운송업,75870768
933,202007,대구,중식 음식점업,27007993
934,202007,대구,차량용 가스 충전업,37788838
935,202007,대구,차량용 주유소 운영업,63772520
936,202007,대구,체인화 편의점,18696953
937,202007,대구,택시 운송업,15896765
938,202007,대구,피자 햄버거 샌드위치 및 유사 음식점업,11137398
939,202007,대구,한식 음식점업,52846526
940,202007,대구,호텔업,17588593
941,202007,대구,화장품 및 방향제 소매업,15814264
942,202007,대구,휴양콘도 운영업,15953122
943,202007,대전,건강보조식품 소매업,19606900
944,202007,대전,골프장 운영업,26710400
945,202007,대전,과실 및 채소 소매업,10950790
946,202007,대전,관광 민예품 및 선물용품 소매업,3227111
947,202007,대전,그외 기타 분류안된 오락관련 서비스업,2398002
948,202007,대전,그외 기타 스포츠시설 운영업,2521253
949,202007,대전,그외 기타 종합 소매업,12917435
950,202007,대전,기타 대형 종합 소매업,37234207
951,202007,대전,기타 수상오락 서비스업,2764308
952,202007,대전,기타 외국식 음식점업,12197435
953,202007,대전,기타 주점업,24224448
954,202007,대전,기타음식료품위주종합소매업,15547903
955,202007,대전,내항 여객 운송업,4921367
956,202007,대전,마사지업,14162195
957,202007,대전,면세점,15071953
958,202007,대전,버스 운송업,2679623
959,202007,대전,비알콜 음료점업,7532049
960,202007,대전,빵 및 과자류 소매업,10383810
961,202007,대전,서양식 음식점업,15712510
962,202007,대전,수산물 소매업,22960249
963,202007,대전,슈퍼마켓,21718585
964,202007,대전,스포츠 및 레크레이션 용품 임대업,29690647
965,202007,대전,여관업,12289353
966,202007,대전,여행사업,4042646
967,202007,대전,욕탕업,5524910
968,202007,대전,육류 소매업,25445736
969,202007,대전,일반유흥 주점업,30529874
970,202007,대전,일식 음식점업,16069042
971,202007,대전,자동차 임대업,8968822
972,202007,대전,전시 및 행사 대행업,3506662
973,202007,대전,정기 항공 운송업,34850406
974,202007,대전,중식 음식점업,13335193
975,202007,대전,차량용 가스 충전업,18662983
976,202007,대전,차량용 주유소 운영업,44500522
977,202007,대전,체인화 편의점,18760872
978,202007,대전,택시 운송업,10774826
979,202007,대전,피자 햄버거 샌드위치 및 유사 음식점업,7657707
980,202007,대전,한식 음식점업,54342157
981,202007,대전,호텔업,7853826
982,202007,대전,화장품 및 방향제 소매업,10201347
983,202007,대전,휴양콘도 운영업,10339888
984,202007,부산,건강보조식품 소매업,31015893
985,202007,부산,골프장 운영업,71400992
986,202007,부산,과실 및 채소 소매업,13172216
987,202007,부산,관광 민예품 및 선물용품 소매업,2814133
988,202007,부산,그외 기타 분류안된 오락관련 서비스업,2126283
989,202007,부산,그외 기타 스포츠시설 운영업,3733613
990,202007,부산,그외 기타 종합 소매업,24770197
991,202007,부산,기타 대형 종합 소매업,84846576
992,202007,부산,기타 수상오락 서비스업,3811865
993,202007,부산,기타 외국식 음식점업,23176924
994,202007,부산,기타 주점업,40776644
995,202007,부산,기타음식료품위주종합소매업,29510070
996,202007,부산,내항 여객 운송업,6185413
997,202007,부산,마사지업,25519393
998,202007,부산,면세점,36318196
999,202007,부산,버스 운송업,1654322
1000,202007,부산,비알콜 음료점업,11671555
1001,202007,부산,빵 및 과자류 소매업,10717775
1002,202007,부산,서양식 음식점업,24128568
1003,202007,부산,수산물 소매업,31107147
1004,202007,부산,슈퍼마켓,30540714
1005,202007,부산,스포츠 및 레크레이션 용품 임대업,50798670
1006,202007,부산,여관업,21111888
1007,202007,부산,여행사업,4623293
1008,202007,부산,욕탕업,10303507
1009,202007,부산,육류 소매업,51837481
1010,202007,부산,일반유흥 주점업,52774418
1011,202007,부산,일식 음식점업,27672187
1012,202007,부산,자동차 임대업,14301835
1013,202007,부산,전시 및 행사 대행업,6379442
1014,202007,부산,정기 항공 운송업,61612458
1015,202007,부산,중식 음식점업,19920259
1016,202007,부산,차량용 가스 충전업,27753564
1017,202007,부산,차량용 주유소 운영업,67573451
1018,202007,부산,체인화 편의점,24828608
1019,202007,부산,택시 운송업,9878569
1020,202007,부산,피자 햄버거 샌드위치 및 유사 음식점업,11208899
1021,202007,부산,한식 음식점업,83788283
1022,202007,부산,호텔업,25592596
1023,202007,부산,화장품 및 방향제 소매업,18701787
1024,202007,부산,휴양콘도 운영업,19988615
1025,202007,서울,건강보조식품 소매업,17564303
1026,202007,서울,골프장 운영업,33039930
1027,202007,서울,과실 및 채소 소매업,13091632
1028,202007,서울,관광 민예품 및 선물용품 소매업,3226887
1029,202007,서울,그외 기타 분류안된 오락관련 서비스업,2470674
1030,202007,서울,그외 기타 스포츠시설 운영업,7796427
1031,202007,서울,그외 기타 종합 소매업,196123572
1032,202007,서울,기타 대형 종합 소매업,112343002
1033,202007,서울,기타 수상오락 서비스업,5536087
1034,202007,서울,기타 외국식 음식점업,18417154
1035,202007,서울,기타 주점업,64595838
1036,202007,서울,기타음식료품위주종합소매업,77802754
1037,202007,서울,내항 여객 운송업,24436337
1038,202007,서울,마사지업,44180148
1039,202007,서울,면세점,30161018
1040,202007,서울,버스 운송업,77501920
1041,202007,서울,비알콜 음료점업,93557387
1042,202007,서울,빵 및 과자류 소매업,16231817
1043,202007,서울,서양식 음식점업,46740274
1044,202007,서울,수산물 소매업,37015328
1045,202007,서울,슈퍼마켓,48817800
1046,202007,서울,스포츠 및 레크레이션 용품 임대업,72886774
1047,202007,서울,여관업,27775174
1048,202007,서울,여행사업,44691642
1049,202007,서울,욕탕업,13368549
1050,202007,서울,육류 소매업,43950385
1051,202007,서울,일반유흥 주점업,53224029
1052,202007,서울,일식 음식점업,34279185
1053,202007,서울,자동차 임대업,21956259
1054,202007,서울,전시 및 행사 대행업,9940326
1055,202007,서울,정기 항공 운송업,191155572
1056,202007,서울,중식 음식점업,29662556
1057,202007,서울,차량용 가스 충전업,32114314
1058,202007,서울,차량용 주유소 운영업,67906543
1059,202007,서울,체인화 편의점,61226196
1060,202007,서울,택시 운송업,716466537
1061,202007,서울,피자 햄버거 샌드위치 및 유사 음식점업,28293514
1062,202007,서울,한식 음식점업,162567509
1063,202007,서울,호텔업,27897656
1064,202007,서울,화장품 및 방향제 소매업,118312314
1065,202007,서울,휴양콘도 운영업,112124621
1066,202007,세종,건강보조식품 소매업,17666214
1067,202007,세종,골프장 운영업,31052083
1068,202007,세종,과실 및 채소 소매업,10769815
1069,202007,세종,관광 민예품 및 선물용품 소매업,1584314
1070,202007,세종,그외 기타 분류안된 오락관련 서비스업,1100538
1071,202007,세종,그외 기타 스포츠시설 운영업,1531605
1072,202007,세종,그외 기타 종합 소매업,4263697
1073,202007,세종,기타 대형 종합 소매업,21562641
1074,202007,세종,기타 수상오락 서비스업,2722995
1075,202007,세종,기타 외국식 음식점업,8816087
1076,202007,세종,기타 주점업,19856165
1077,202007,세종,기타음식료품위주종합소매업,15079042
1078,202007,세종,내항 여객 운송업,6516405
1079,202007,세종,마사지업,12651885
1080,202007,세종,면세점,24056253
1081,202007,세종,버스 운송업,3898758
1082,202007,세종,비알콜 음료점업,5011688
1083,202007,세종,빵 및 과자류 소매업,5337280
1084,202007,세종,서양식 음식점업,7761082
1085,202007,세종,수산물 소매업,10997444
1086,202007,세종,슈퍼마켓,13499823
1087,202007,세종,스포츠 및 레크레이션 용품 임대업,16932483
1088,202007,세종,여관업,7126854
1089,202007,세종,여행사업,2810317
1090,202007,세종,욕탕업,4423426
1091,202007,세종,육류 소매업,15789403
1092,202007,세종,일반유흥 주점업,19371577
1093,202007,세종,일식 음식점업,11225504
1094,202007,세종,자동차 임대업,7489117
1095,202007,세종,전시 및 행사 대행업,3677655
1096,202007,세종,정기 항공 운송업,32361912
1097,202007,세종,중식 음식점업,9349318
1098,202007,세종,차량용 가스 충전업,9469236
1099,202007,세종,차량용 주유소 운영업,37039698
1100,202007,세종,체인화 편의점,12052929
1101,202007,세종,택시 운송업,14605754
1102,202007,세종,피자 햄버거 샌드위치 및 유사 음식점업,5751428
1103,202007,세종,한식 음식점업,26309139
1104,202007,세종,호텔업,6718760
1105,202007,세종,화장품 및 방향제 소매업,6184333
1106,202007,세종,휴양콘도 운영업,6336045
1107,202007,울산,건강보조식품 소매업,38935410
1108,202007,울산,골프장 운영업,33968579
1109,202007,울산,과실 및 채소 소매업,20215165
1110,202007,울산,관광 민예품 및 선물용품 소매업,2657142
1111,202007,울산,그외 기타 분류안된 오락관련 서비스업,2027413
1112,202007,울산,그외 기타 스포츠시설 운영업,3797322
1113,202007,울산,그외 기타 종합 소매업,32713120
1114,202007,울산,기타 대형 종합 소매업,40619932
1115,202007,울산,기타 수상오락 서비스업,5101126
1116,202007,울산,기타 외국식 음식점업,15989444
1117,202007,울산,기타 주점업,35876864
1118,202007,울산,기타음식료품위주종합소매업,23623896
1119,202007,울산,내항 여객 운송업,9786555
1120,202007,울산,마사지업,21761251
1121,202007,울산,면세점,54024323
1122,202007,울산,버스 운송업,3590732
1123,202007,울산,비알콜 음료점업,7762424
1124,202007,울산,빵 및 과자류 소매업,8343354
1125,202007,울산,서양식 음식점업,13725664
1126,202007,울산,수산물 소매업,26149530
1127,202007,울산,슈퍼마켓,26741236
1128,202007,울산,스포츠 및 레크레이션 용품 임대업,37670161
1129,202007,울산,여관업,15561162
1130,202007,울산,여행사업,2030689
1131,202007,울산,욕탕업,11760697
1132,202007,울산,육류 소매업,47465233
1133,202007,울산,일반유흥 주점업,49200517
1134,202007,울산,일식 음식점업,24588552
1135,202007,울산,자동차 임대업,16757595
1136,202007,울산,전시 및 행사 대행업,8933992
1137,202007,울산,정기 항공 운송업,59443196
1138,202007,울산,중식 음식점업,16740902
1139,202007,울산,차량용 가스 충전업,17627571
1140,202007,울산,차량용 주유소 운영업,74825432
1141,202007,울산,체인화 편의점,19522198
1142,202007,울산,택시 운송업,12834563
1143,202007,울산,피자 햄버거 샌드위치 및 유사 음식점업,9636002
1144,202007,울산,한식 음식점업,49738907
1145,202007,울산,호텔업,8676053
1146,202007,울산,화장품 및 방향제 소매업,19135892
1147,202007,울산,휴양콘도 운영업,18981864
1148,202007,인천,건강보조식품 소매업,44799742
1149,202007,인천,골프장 운영업,111397953
1150,202007,인천,과실 및 채소 소매업,24634095
1151,202007,인천,관광 민예품 및 선물용품 소매업,2939351
1152,202007,인천,그외 기타 분류안된 오락관련 서비스업,2281871
1153,202007,인천,그외 기타 스포츠시설 운영업,4087046
1154,202007,인천,그외 기타 종합 소매업,10781178
1155,202007,인천,기타 대형 종합 소매업,41368111
1156,202007,인천,기타 수상오락 서비스업,5736534
1157,202007,인천,기타 외국식 음식점업,14408705
1158,202007,인천,기타 주점업,44672374
1159,202007,인천,기타음식료품위주종합소매업,24198964
1160,202007,인천,내항 여객 운송업,11696105
1161,202007,인천,마사지업,31875603
1162,202007,인천,면세점,99191449
1163,202007,인천,버스 운송업,3146975
1164,202007,인천,비알콜 음료점업,7892719
1165,202007,인천,빵 및 과자류 소매업,7575698
1166,202007,인천,서양식 음식점업,13576350
1167,202007,인천,수산물 소매업,30546818
1168,202007,인천,슈퍼마켓,27824849
1169,202007,인천,스포츠 및 레크레이션 용품 임대업,32195989
1170,202007,인천,여관업,17687747
1171,202007,인천,여행사업,2313357
1172,202007,인천,욕탕업,12455446
1173,202007,인천,육류 소매업,39973131
1174,202007,인천,일반유흥 주점업,56217968
1175,202007,인천,일식 음식점업,35711853
1176,202007,인천,자동차 임대업,23911812
1177,202007,인천,전시 및 행사 대행업,10622522
1178,202007,인천,정기 항공 운송업,44272030
1179,202007,인천,중식 음식점업,17167797
1180,202007,인천,차량용 가스 충전업,31007210
1181,202007,인천,차량용 주유소 운영업,95024653
1182,202007,인천,체인화 편의점,21072336
1183,202007,인천,택시 운송업,9317282
1184,202007,인천,피자 햄버거 샌드위치 및 유사 음식점업,8316850
1185,202007,인천,한식 음식점업,48543640
1186,202007,인천,호텔업,18130185
1187,202007,인천,화장품 및 방향제 소매업,19186160
1188,202007,인천,휴양콘도 운영업,19202912
1189,202007,전남,건강보조식품 소매업,41183191
1190,202007,전남,골프장 운영업,89210960
1191,202007,전남,과실 및 채소 소매업,18235663
1192,202007,전남,관광 민예품 및 선물용품 소매업,2604436
1193,202007,전남,그외 기타 분류안된 오락관련 서비스업,2024833
1194,202007,전남,그외 기타 스포츠시설 운영업,4070956
1195,202007,전남,그외 기타 종합 소매업,21405281
1196,202007,전남,기타 대형 종합 소매업,40303103
1197,202007,전남,기타 수상오락 서비스업,5658331
1198,202007,전남,기타 외국식 음식점업,17287037
1199,202007,전남,기타 주점업,55691376
1200,202007,전남,기타음식료품위주종합소매업,29032637
1201,202007,전남,내항 여객 운송업,6669339
1202,202007,전남,마사지업,33854262
1203,202007,전남,면세점,19606881
1204,202007,전남,버스 운송업,2344782
1205,202007,전남,비알콜 음료점업,7128069
1206,202007,전남,빵 및 과자류 소매업,6891593
1207,202007,전남,서양식 음식점업,10646648
1208,202007,전남,수산물 소매업,25743672
1209,202007,전남,슈퍼마켓,25183053
1210,202007,전남,스포츠 및 레크레이션 용품 임대업,33771067
1211,202007,전남,여관업,16846324
1212,202007,전남,여행사업,1454865
1213,202007,전남,욕탕업,9763699
1214,202007,전남,육류 소매업,35854937
1215,202007,전남,일반유흥 주점업,73020547
1216,202007,전남,일식 음식점업,31326979
1217,202007,전남,자동차 임대업,21184230
1218,202007,전남,전시 및 행사 대행업,9405513
1219,202007,전남,정기 항공 운송업,43790304
1220,202007,전남,중식 음식점업,16321868
1221,202007,전남,차량용 가스 충전업,23801748
1222,202007,전남,차량용 주유소 운영업,70994854
1223,202007,전남,체인화 편의점,19323212
1224,202007,전남,택시 운송업,8091527
1225,202007,전남,피자 햄버거 샌드위치 및 유사 음식점업,7296529
1226,202007,전남,한식 음식점업,47303313
1227,202007,전남,호텔업,11022619
1228,202007,전남,화장품 및 방향제 소매업,37048208
1229,202007,전남,휴양콘도 운영업,20532355
1230,202007,전북,건강보조식품 소매업,24298078
1231,202007,전북,골프장 운영업,46937897
1232,202007,전북,과실 및 채소 소매업,12039873
1233,202007,전북,관광 민예품 및 선물용품 소매업,2595824
1234,202007,전북,그외 기타 분류안된 오락관련 서비스업,2019481
1235,202007,전북,그외 기타 스포츠시설 운영업,3719077
1236,202007,전북,그외 기타 종합 소매업,17102938
1237,202007,전북,기타 대형 종합 소매업,31462234
1238,202007,전북,기타 수상오락 서비스업,3751096
1239,202007,전북,기타 외국식 음식점업,10123438
1240,202007,전북,기타 주점업,44650717
1241,202007,전북,기타음식료품위주종합소매업,19963141
1242,202007,전북,내항 여객 운송업,6599996
1243,202007,전북,마사지업,20560133
1244,202007,전북,면세점,52441471
1245,202007,전북,버스 운송업,1436650
1246,202007,전북,비알콜 음료점업,6392717
1247,202007,전북,빵 및 과자류 소매업,8131635
1248,202007,전북,서양식 음식점업,11910478
1249,202007,전북,수산물 소매업,20631445
1250,202007,전북,슈퍼마켓,19645670
1251,202007,전북,스포츠 및 레크레이션 용품 임대업,27198819
1252,202007,전북,여관업,13551398
1253,202007,전북,여행사업,4048896
1254,202007,전북,욕탕업,9704059
1255,202007,전북,육류 소매업,38007317
1256,202007,전북,일반유흥 주점업,68873905
1257,202007,전북,일식 음식점업,19688298
1258,202007,전북,자동차 임대업,11427791
1259,202007,전북,전시 및 행사 대행업,2320800
1260,202007,전북,정기 항공 운송업,34046902
1261,202007,전북,중식 음식점업,11670247
1262,202007,전북,차량용 가스 충전업,18493399
1263,202007,전북,차량용 주유소 운영업,55104318
1264,202007,전북,체인화 편의점,17310872
1265,202007,전북,택시 운송업,1865839
1266,202007,전북,피자 햄버거 샌드위치 및 유사 음식점업,5996873
1267,202007,전북,한식 음식점업,38113851
1268,202007,전북,호텔업,9605814
1269,202007,전북,화장품 및 방향제 소매업,26647347
1270,202007,전북,휴양콘도 운영업,17798764
1271,202007,제주,건강보조식품 소매업,32804219
1272,202007,제주,골프장 운영업,53345565
1273,202007,제주,과실 및 채소 소매업,12050429
1274,202007,제주,관광 민예품 및 선물용품 소매업,7306052
1275,202007,제주,그외 기타 분류안된 오락관련 서비스업,1784039
1276,202007,제주,그외 기타 스포츠시설 운영업,3493049
1277,202007,제주,그외 기타 종합 소매업,18956631
1278,202007,제주,기타 대형 종합 소매업,29823019
1279,202007,제주,기타 수상오락 서비스업,5108737
1280,202007,제주,기타 외국식 음식점업,22790941
1281,202007,제주,기타 주점업,110914005
1282,202007,제주,기타음식료품위주종합소매업,20805302
1283,202007,제주,내항 여객 운송업,6445444
1284,202007,제주,마사지업,19087212
1285,202007,제주,면세점,80745316
1286,202007,제주,버스 운송업,1352270
1287,202007,제주,비알콜 음료점업,5230532
1288,202007,제주,빵 및 과자류 소매업,7232148
1289,202007,제주,서양식 음식점업,14519960
1290,202007,제주,수산물 소매업,16986605
1291,202007,제주,슈퍼마켓,18513601
1292,202007,제주,스포츠 및 레크레이션 용품 임대업,32224853
1293,202007,제주,여관업,12753262
1294,202007,제주,여행사업,3546217
1295,202007,제주,욕탕업,6062811
1296,202007,제주,육류 소매업,11827980
1297,202007,제주,일반유흥 주점업,58562064
1298,202007,제주,일식 음식점업,18703263
1299,202007,제주,자동차 임대업,15638310
1300,202007,제주,전시 및 행사 대행업,7652570
1301,202007,제주,정기 항공 운송업,45163733
1302,202007,제주,중식 음식점업,10538279
1303,202007,제주,차량용 가스 충전업,9970661
1304,202007,제주,차량용 주유소 운영업,31482105
1305,202007,제주,체인화 편의점,19102830
1306,202007,제주,택시 운송업,1049280
1307,202007,제주,피자 햄버거 샌드위치 및 유사 음식점업,5734019
1308,202007,제주,한식 음식점업,69280395
1309,202007,제주,호텔업,40220869
1310,202007,제주,화장품 및 방향제 소매업,9594866
1311,202007,제주,휴양콘도 운영업,19855918
1312,202007,충남,건강보조식품 소매업,23133576
1313,202007,충남,골프장 운영업,42741964
1314,202007,충남,과실 및 채소 소매업,17254301
1315,202007,충남,관광 민예품 및 선물용품 소매업,2466796
1316,202007,충남,그외 기타 분류안된 오락관련 서비스업,2114686
1317,202007,충남,그외 기타 스포츠시설 운영업,4363824
1318,202007,충남,그외 기타 종합 소매업,11869122
1319,202007,충남,기타 대형 종합 소매업,31272396
1320,202007,충남,기타 수상오락 서비스업,4956238
1321,202007,충남,기타 외국식 음식점업,13359673
1322,202007,충남,기타 주점업,32866292
1323,202007,충남,기타음식료품위주종합소매업,29558543
1324,202007,충남,내항 여객 운송업,2463617
1325,202007,충남,마사지업,18033508
1326,202007,충남,면세점,56645085
1327,202007,충남,버스 운송업,664974
1328,202007,충남,비알콜 음료점업,7532437
1329,202007,충남,빵 및 과자류 소매업,8807020
1330,202007,충남,서양식 음식점업,14154565
1331,202007,충남,수산물 소매업,25038020
1332,202007,충남,슈퍼마켓,23686133
1333,202007,충남,스포츠 및 레크레이션 용품 임대업,30680086
1334,202007,충남,여관업,13693355
1335,202007,충남,여행사업,4132824
1336,202007,충남,욕탕업,7991981
1337,202007,충남,육류 소매업,26026750
1338,202007,충남,일반유흥 주점업,48989370
1339,202007,충남,일식 음식점업,21297664
1340,202007,충남,자동차 임대업,8419276
1341,202007,충남,전시 및 행사 대행업,2534190
1342,202007,충남,정기 항공 운송업,11605080
1343,202007,충남,중식 음식점업,13741086
1344,202007,충남,차량용 가스 충전업,14278679
1345,202007,충남,차량용 주유소 운영업,90009677
1346,202007,충남,체인화 편의점,27560029
1347,202007,충남,택시 운송업,1145629
1348,202007,충남,피자 햄버거 샌드위치 및 유사 음식점업,7825569
1349,202007,충남,한식 음식점업,54569927
1350,202007,충남,호텔업,8978845
1351,202007,충남,화장품 및 방향제 소매업,28401769
1352,202007,충남,휴양콘도 운영업,16730478
1353,202007,충북,건강보조식품 소매업,22354917
1354,202007,충북,골프장 운영업,73717851
1355,202007,충북,과실 및 채소 소매업,10027163
1356,202007,충북,관광 민예품 및 선물용품 소매업,3057418
1357,202007,충북,그외 기타 분류안된 오락관련 서비스업,2316125
1358,202007,충북,그외 기타 스포츠시설 운영업,3668664
1359,202007,충북,그외 기타 종합 소매업,10550527
1360,202007,충북,기타 대형 종합 소매업,26423768
1361,202007,충북,기타 수상오락 서비스업,3737594
1362,202007,충북,기타 외국식 음식점업,10154371
1363,202007,충북,기타 주점업,38947717
1364,202007,충북,기타음식료품위주종합소매업,18197235
1365,202007,충북,내항 여객 운송업,2200900
1366,202007,충북,마사지업,12453345
1367,202007,충북,면세점,9580378
1368,202007,충북,버스 운송업,452692
1369,202007,충북,비알콜 음료점업,4914251
1370,202007,충북,빵 및 과자류 소매업,5335598
1371,202007,충북,서양식 음식점업,9166623
1372,202007,충북,수산물 소매업,16417555
1373,202007,충북,슈퍼마켓,18308825
1374,202007,충북,스포츠 및 레크레이션 용품 임대업,26090608
1375,202007,충북,여관업,10974785
1376,202007,충북,여행사업,3455139
1377,202007,충북,욕탕업,6459363
1378,202007,충북,육류 소매업,24040624
1379,202007,충북,일반유흥 주점업,43859259
1380,202007,충북,일식 음식점업,17542989
1381,202007,충북,자동차 임대업,8095988
1382,202007,충북,전시 및 행사 대행업,2666898
1383,202007,충북,정기 항공 운송업,12026831
1384,202007,충북,중식 음식점업,11106992
1385,202007,충북,차량용 가스 충전업,11601006
1386,202007,충북,차량용 주유소 운영업,76612186
1387,202007,충북,체인화 편의점,18887570
1388,202007,충북,택시 운송업,666309
1389,202007,충북,피자 햄버거 샌드위치 및 유사 음식점업,5842332
1390,202007,충북,한식 음식점업,34220964
1391,202007,충북,호텔업,5639061
1392,202007,충북,화장품 및 방향제 소매업,14143826
1393,202007,충북,휴양콘도 운영업,13069729
